timestamp,scenario,pid,cpu_percent,rss_kb,vsz_kb,elapsed
2026-09-01T17:37:48+0700,Soak,69486,0.0,68224,436214272,00:03
2026-09-01T17:37:49+0700,Soak,69486,0.0,68224,436214272,00:04
2026-09-01T17:37:50+0700,Soak,69486,1.5,69456,436214272,00:05
2026-09-01T17:37:51+0700,Soak,69486,1.7,69760,436218368,00:06
2026-09-01T17:37:52+0700,Soak,69486,2.2,70144,436218624,00:07
2026-09-01T17:37:53+0700,Soak,69486,1.5,70800,436219136,00:08
2026-09-01T17:37:54+0700,Soak,69486,2.0,72400,436220672,00:09
2026-09-01T17:37:55+0700,Soak,69486,3.8,73008,436220672,00:10
2026-09-01T17:37:56+0700,Soak,69486,3.7,73104,436220672,00:11
2026-09-01T17:37:57+0700,Soak,69486,3.9,73296,436220672,00:12
2026-09-01T17:37:58+0700,Soak,69486,3.3,73520,436220672,00:13
2026-09-01T17:37:59+0700,Soak,69486,2.7,72480,436219392,00:14
2026-09-01T17:38:00+0700,Soak,69486,4.0,74432,436220976,00:15
2026-09-01T17:38:01+0700,Soak,69486,7.1,74560,436220976,00:16
2026-09-01T17:38:02+0700,Soak,69486,4.5,74688,436220976,00:17
2026-09-01T17:38:03+0700,Soak,69486,5.6,74704,436220976,00:18
2026-09-01T17:38:04+0700,Soak,69486,4.4,68448,436220976,00:19
2026-09-01T17:38:05+0700,Soak,69486,4.6,68848,436220976,00:20
2026-09-01T17:38:06+0700,Soak,69486,6.3,69216,436220976,00:21
2026-09-01T17:38:07+0700,Soak,69486,4.2,70768,436222000,00:22
2026-09-01T17:38:08+0700,Soak,69486,7.5,74544,436223792,00:24
2026-09-01T17:38:10+0700,Soak,69486,7.1,75648,436224560,00:25
2026-09-01T17:38:11+0700,Soak,69486,7.7,78896,436227632,00:26
2026-09-01T17:38:12+0700,Soak,69486,5.5,79904,436227888,00:27
2026-09-01T17:38:13+0700,Soak,69486,4.7,81264,436228656,00:28
2026-09-01T17:38:14+0700,Soak,69486,8.0,81840,436228656,00:29
2026-09-01T17:38:15+0700,Soak,69486,7.2,81904,436228656,00:30
2026-09-01T17:38:16+0700,Soak,69486,9.5,82272,436228656,00:31
2026-09-01T17:38:17+0700,Soak,69486,10.3,82288,436228656,00:32
2026-09-01T17:38:18+0700,Soak,69486,8.7,82416,436228656,00:33
2026-09-01T17:38:19+0700,Soak,69486,12.1,82272,436228656,00:34
2026-09-01T17:38:20+0700,Soak,69486,11.9,83136,436228656,00:35
2026-09-01T17:38:21+0700,Soak,69486,9.8,86096,436231472,00:36
2026-09-01T17:38:22+0700,Soak,69486,9.6,86128,436231472,00:37
2026-09-01T17:38:23+0700,Soak,69486,10.2,88944,436234288,00:38
2026-09-01T17:38:24+0700,Soak,69486,10.6,91840,436237104,00:39
2026-09-01T17:38:25+0700,Soak,69486,6.9,93312,436238640,00:40
2026-09-01T17:38:26+0700,Soak,69486,10.7,93824,436239152,00:41
2026-09-01T17:38:27+0700,Soak,69486,8.5,94336,436239152,00:42
2026-09-01T17:38:28+0700,Soak,69486,10.4,96384,436240688,00:43
2026-09-01T17:38:29+0700,Soak,69486,7.5,96832,436240688,00:44
2026-09-01T17:38:30+0700,Soak,69486,9.9,97376,436240688,00:45
2026-09-01T17:38:31+0700,Soak,69486,9.5,99552,436242992,00:46
2026-09-01T17:38:32+0700,Soak,69486,8.8,99968,436242992,00:47
2026-09-01T17:38:33+0700,Soak,69486,10.9,100176,436242992,00:48
2026-09-01T17:38:34+0700,Soak,69486,18.3,102704,436244784,00:49
2026-09-01T17:38:35+0700,Soak,69486,4.8,102704,436244784,00:50
2026-09-01T17:38:36+0700,Soak,69486,8.4,102720,436244784,00:51
2026-09-01T17:38:37+0700,Soak,69486,7.8,102752,436244784,00:52
2026-09-01T17:38:38+0700,Soak,69486,7.1,102656,436244784,00:53
2026-09-01T17:38:39+0700,Soak,69486,8.4,102784,436244784,00:54
2026-09-01T17:38:40+0700,Soak,69486,9.6,104720,436246832,00:55
2026-09-01T17:38:41+0700,Soak,69486,8.5,107680,436249648,00:56
2026-09-01T17:38:42+0700,Soak,69486,6.9,110624,436252464,00:57
2026-09-01T17:38:43+0700,Soak,69486,10.9,110512,436252464,00:58
2026-09-01T17:38:44+0700,Soak,69486,7.9,110528,436252464,00:59
2026-09-01T17:38:45+0700,Soak,69486,9.5,111984,436254000,01:00
2026-09-01T17:38:46+0700,Soak,69486,9.9,114624,436256560,01:01
2026-09-01T17:38:47+0700,Soak,69486,8.8,117376,436259120,01:02
2026-09-01T17:38:48+0700,Soak,69486,10.8,120256,436261936,01:03
2026-09-01T17:38:49+0700,Soak,69486,13.1,123200,436264752,01:04
2026-09-01T17:38:50+0700,Soak,69486,9.8,123200,436264752,01:05
2026-09-01T17:38:51+0700,Soak,69486,7.5,123360,436264752,01:06
2026-09-01T17:38:52+0700,Soak,69486,8.6,123744,436264752,01:07
2026-09-01T17:38:53+0700,Soak,69486,9.8,124112,436264752,01:08
2026-09-01T17:38:54+0700,Soak,69486,6.4,124560,436264752,01:09
2026-09-01T17:38:55+0700,Soak,69486,4.9,125120,436265008,01:10
2026-09-01T17:38:56+0700,Soak,69486,7.2,129872,436268592,01:11
2026-09-01T17:38:57+0700,Soak,69486,3.5,129872,436268592,01:12
2026-09-01T17:38:59+0700,Soak,69486,10.2,129888,436268592,01:14
2026-09-01T17:39:00+0700,Soak,69486,10.3,129888,436268592,01:15
2026-09-01T17:39:01+0700,Soak,69486,10.2,129920,436268592,01:16
2026-09-01T17:39:02+0700,Soak,69486,8.8,129952,436268592,01:17
2026-09-01T17:39:03+0700,Soak,69486,8.7,129840,436268592,01:18
2026-09-01T17:39:04+0700,Soak,69486,9.0,129840,436268592,01:19
2026-09-01T17:39:05+0700,Soak,69486,7.2,126112,436268592,01:20
2026-09-01T17:39:06+0700,Soak,69486,6.7,126128,436268592,01:21
2026-09-01T17:39:07+0700,Soak,69486,5.7,126144,436268592,01:22
2026-09-01T17:39:08+0700,Soak,69486,3.1,126144,436268592,01:23
2026-09-01T17:39:09+0700,Soak,69486,10.8,126224,436268592,01:24
2026-09-01T17:39:10+0700,Soak,69486,5.2,126336,436268592,01:25
2026-09-01T17:39:11+0700,Soak,69486,3.4,126448,436268592,01:26
2026-09-01T17:39:12+0700,Soak,69486,10.4,127744,436268592,01:27
2026-09-01T17:39:13+0700,Soak,69486,12.0,125680,436264752,01:28
2026-09-01T17:39:14+0700,Soak,69486,10.4,126768,436264752,01:29
2026-09-01T17:39:15+0700,Soak,69486,9.1,126768,436264752,01:30
2026-09-01T17:39:16+0700,Soak,69486,9.2,126784,436264752,01:31
2026-09-01T17:39:17+0700,Soak,69486,9.1,126240,436264752,01:32
2026-09-01T17:39:18+0700,Soak,69486,9.1,124976,436264752,01:33
2026-09-01T17:39:19+0700,Soak,69486,10.1,123024,436264752,01:34
2026-09-01T17:39:20+0700,Soak,69486,6.2,123200,436264752,01:35
2026-09-01T17:39:21+0700,Soak,69486,10.2,123520,436264752,01:36
2026-09-01T17:39:22+0700,Soak,69486,8.7,126064,436267312,01:37
2026-09-01T17:39:23+0700,Soak,69486,4.5,126448,436267312,01:38
2026-09-01T17:39:24+0700,Soak,69486,12.7,126496,436267312,01:39
2026-09-01T17:39:25+0700,Soak,69486,8.0,126688,436267312,01:40
2026-09-01T17:39:26+0700,Soak,69486,10.4,126880,436267312,01:41
2026-09-01T17:39:27+0700,Soak,69486,9.2,126880,436267312,01:42
2026-09-01T17:39:28+0700,Soak,69486,8.7,126592,436267312,01:43
2026-09-01T17:39:29+0700,Soak,69486,7.5,128784,436269360,01:44
2026-09-01T17:39:30+0700,Soak,69486,9.3,130800,436271664,01:45
2026-09-01T17:39:31+0700,Soak,69486,10.7,131328,436271664,01:46
2026-09-01T17:39:32+0700,Soak,69486,6.9,131440,436271664,01:47
2026-09-01T17:39:33+0700,Soak,69486,12.0,131648,436271664,01:48
2026-09-01T17:39:34+0700,Soak,69486,12.3,131904,436271664,01:49
2026-09-01T17:39:35+0700,Soak,69486,10.3,132320,436271664,01:50
2026-09-01T17:39:36+0700,Soak,69486,9.2,132912,436271664,01:51
2026-09-01T17:39:37+0700,Soak,69486,7.9,132480,436271664,01:52
2026-09-01T17:39:38+0700,Soak,69486,15.7,138592,436276528,01:53
2026-09-01T17:39:39+0700,Soak,69486,9.7,138592,436276528,01:54
2026-09-01T17:39:40+0700,Soak,69486,10.1,138592,436276528,01:55
2026-09-01T17:39:41+0700,Soak,69486,9.5,138608,436276528,01:56
2026-09-01T17:39:42+0700,Soak,69486,11.0,138624,436276528,01:57
2026-09-01T17:39:43+0700,Soak,69486,10.8,138480,436276528,01:58
2026-09-01T17:39:44+0700,Soak,69486,10.9,138480,436276528,01:59
2026-09-01T17:39:45+0700,Soak,69486,9.0,138480,436276528,02:00
2026-09-01T17:39:46+0700,Soak,69486,9.6,138416,436276528,02:02
2026-09-01T17:39:48+0700,Soak,69486,11.2,137264,436276528,02:03
2026-09-01T17:39:49+0700,Soak,69486,13.3,133408,436271664,02:04
2026-09-01T17:39:50+0700,Soak,69486,10.0,133472,436271664,02:05
2026-09-01T17:39:51+0700,Soak,69486,11.9,133456,436271664,02:06
2026-09-01T17:39:52+0700,Soak,69486,12.1,133536,436271664,02:07
2026-09-01T17:39:53+0700,Soak,69486,8.5,131792,436271664,02:08
2026-09-01T17:39:54+0700,Soak,69486,7.4,131808,436271664,02:09
2026-09-01T17:39:55+0700,Soak,69486,12.2,131920,436271664,02:10
2026-09-01T17:39:56+0700,Soak,69486,7.6,133536,436271664,02:11
2026-09-01T17:39:57+0700,Soak,69486,8.4,133872,436271664,02:12
2026-09-01T17:39:58+0700,Soak,69486,9.1,133296,436271664,02:13
2026-09-01T17:39:59+0700,Soak,69486,11.6,133344,436271664,02:14
2026-09-01T17:40:00+0700,Soak,69486,10.4,133424,436271664,02:15
2026-09-01T17:40:01+0700,Soak,69486,10.3,132752,436271664,02:16
2026-09-01T17:40:02+0700,Soak,69486,10.7,132960,436271664,02:17
2026-09-01T17:40:03+0700,Soak,69486,11.4,133072,436271664,02:18
2026-09-01T17:40:04+0700,Soak,69486,11.4,133360,436271664,02:19
2026-09-01T17:40:05+0700,Soak,69486,10.7,138528,436276528,02:20
2026-09-01T17:40:06+0700,Soak,69486,9.8,138528,436276528,02:21
2026-09-01T17:40:07+0700,Soak,69486,11.0,138528,436276528,02:22
2026-09-01T17:40:08+0700,Soak,69486,8.4,138544,436276528,02:23
2026-09-01T17:40:09+0700,Soak,69486,9.8,138560,436276528,02:24
2026-09-01T17:40:10+0700,Soak,69486,9.5,138576,436276528,02:25
2026-09-01T17:40:11+0700,Soak,69486,6.0,138544,436276528,02:26
2026-09-01T17:40:12+0700,Soak,69486,10.2,138528,436276528,02:27
2026-09-01T17:40:13+0700,Soak,69486,11.3,138528,436276528,02:28
2026-09-01T17:40:14+0700,Soak,69486,11.8,138544,436276528,02:29
2026-09-01T17:40:15+0700,Soak,69486,11.0,135136,436276528,02:30
2026-09-01T17:40:16+0700,Soak,69486,13.3,135136,436276528,02:31
2026-09-01T17:40:17+0700,Soak,69486,10.2,134784,436276528,02:32
2026-09-01T17:40:18+0700,Soak,69486,9.9,132752,436276528,02:33
2026-09-01T17:40:19+0700,Soak,69486,11.5,135360,436276528,02:34
2026-09-01T17:40:20+0700,Soak,69486,11.5,137984,436276528,02:35
2026-09-01T17:40:21+0700,Soak,69486,7.6,139136,436276528,02:36
2026-09-01T17:40:22+0700,Soak,69486,13.1,137056,436273712,02:37
2026-09-01T17:40:23+0700,Soak,69486,9.6,137056,436273712,02:38
2026-09-01T17:40:24+0700,Soak,69486,7.9,137072,436273712,02:39
2026-09-01T17:40:25+0700,Soak,69486,9.2,137088,436273712,02:40
2026-09-01T17:40:26+0700,Soak,69486,12.8,137104,436273712,02:41
2026-09-01T17:40:27+0700,Soak,69486,12.4,137120,436273712,02:42
2026-09-01T17:40:28+0700,Soak,69486,13.3,137120,436273712,02:43
2026-09-01T17:40:29+0700,Soak,69486,13.2,137120,436273712,02:44
2026-09-01T17:40:30+0700,Soak,69486,10.0,137136,436273712,02:45
2026-09-01T17:40:31+0700,Soak,69486,11.8,139424,436276272,02:46
2026-09-01T17:40:32+0700,Soak,69486,9.8,139440,436276272,02:47
2026-09-01T17:40:33+0700,Soak,69486,10.9,139440,436276272,02:48
2026-09-01T17:40:34+0700,Soak,69486,9.1,139440,436276272,02:50
2026-09-01T17:40:36+0700,Soak,69486,7.7,139440,436276272,02:51
2026-09-01T17:40:37+0700,Soak,69486,9.8,138464,436276272,02:52
2026-09-01T17:40:38+0700,Soak,69486,12.4,137440,436276272,02:53
2026-09-01T17:40:39+0700,Soak,69486,8.9,137536,436276272,02:54
2026-09-01T17:40:40+0700,Soak,69486,12.2,136944,436276272,02:55
2026-09-01T17:40:41+0700,Soak,69486,15.8,137104,436276272,02:56
2026-09-01T17:40:42+0700,Soak,69486,10.7,136832,436274992,02:57
2026-09-01T17:40:43+0700,Soak,69486,12.3,136832,436274992,02:58
2026-09-01T17:40:44+0700,Soak,69486,10.4,136880,436274992,02:59
2026-09-01T17:40:45+0700,Soak,69486,10.6,136944,436274992,03:00
2026-09-01T17:40:46+0700,Soak,69486,10.1,136928,436274992,03:01
2026-09-01T17:40:47+0700,Soak,69486,13.1,136400,436274992,03:02
2026-09-01T17:40:48+0700,Soak,69486,9.4,136448,436274992,03:03
2026-09-01T17:40:49+0700,Soak,69486,10.2,136416,436274992,03:04
2026-09-01T17:40:50+0700,Soak,69486,11.1,136064,436274992,03:05
2026-09-01T17:40:51+0700,Soak,69486,10.4,135680,436274992,03:06
2026-09-01T17:40:52+0700,Soak,69486,10.5,135840,436274992,03:07
2026-09-01T17:40:53+0700,Soak,69486,12.7,135344,436274992,03:08
2026-09-01T17:40:54+0700,Soak,69486,14.0,135344,436274992,03:09
2026-09-01T17:40:55+0700,Soak,69486,11.0,135344,436274992,03:10
2026-09-01T17:40:56+0700,Soak,69486,10.4,135248,436274992,03:11
2026-09-01T17:40:57+0700,Soak,69486,9.7,135280,436274992,03:12
2026-09-01T17:40:58+0700,Soak,69486,10.9,132784,436274992,03:13
2026-09-01T17:40:59+0700,Soak,69486,13.8,134144,436274992,03:14
2026-09-01T17:41:00+0700,Soak,69486,12.2,132256,436274992,03:15
2026-09-01T17:41:01+0700,Soak,69486,14.6,131296,436274992,03:16
2026-09-01T17:41:02+0700,Soak,69486,10.1,132144,436274992,03:17
2026-09-01T17:41:03+0700,Soak,69486,10.9,130688,436274992,03:18
2026-09-01T17:41:04+0700,Soak,69486,14.4,127920,436274992,03:19
2026-09-01T17:41:05+0700,Soak,69486,10.9,128544,436274992,03:20
2026-09-01T17:41:06+0700,Soak,69486,11.2,128576,436274992,03:21
2026-09-01T17:41:07+0700,Soak,69486,11.2,126896,436274992,03:22
2026-09-01T17:41:08+0700,Soak,69486,9.3,127104,436274992,03:23
2026-09-01T17:41:09+0700,Soak,69486,11.3,121984,436274992,03:24
2026-09-01T17:41:10+0700,Soak,69486,11.0,111680,436274992,03:25
2026-09-01T17:41:11+0700,Soak,69486,10.2,108592,436274992,03:26
2026-09-01T17:41:12+0700,Soak,69486,11.2,108816,436274992,03:27
2026-09-01T17:41:13+0700,Soak,69486,9.9,109056,436274992,03:28
2026-09-01T17:41:14+0700,Soak,69486,11.3,109504,436274992,03:29
2026-09-01T17:41:15+0700,Soak,69486,7.5,111504,436274992,03:30
2026-09-01T17:41:16+0700,Soak,69486,13.3,113952,436274992,03:31
2026-09-01T17:41:17+0700,Soak,69486,14.5,116928,436274992,03:32
2026-09-01T17:41:18+0700,Soak,69486,13.1,118944,436274992,03:33
2026-09-01T17:41:19+0700,Soak,69486,12.0,118256,436274992,03:35
2026-09-01T17:41:21+0700,Soak,69486,14.4,121296,436274992,03:36
2026-09-01T17:41:22+0700,Soak,69486,14.6,122848,436274992,03:37
2026-09-01T17:41:23+0700,Soak,69486,9.5,124128,436275248,03:38
2026-09-01T17:41:24+0700,Soak,69486,10.3,124160,436275248,03:39
2026-09-01T17:41:25+0700,Soak,69486,9.4,124160,436275248,03:40
2026-09-01T17:41:26+0700,Soak,69486,10.8,125168,436275248,03:41
2026-09-01T17:41:27+0700,Soak,69486,11.3,125232,436275248,03:42
2026-09-01T17:41:28+0700,Soak,69486,12.3,125312,436275248,03:43
2026-09-01T17:41:29+0700,Soak,69486,11.3,125328,436275248,03:44
2026-09-01T17:41:30+0700,Soak,69486,12.5,125776,436275248,03:45
2026-09-01T17:41:31+0700,Soak,69486,13.9,125744,436275248,03:46
2026-09-01T17:41:32+0700,Soak,69486,11.7,125760,436275248,03:47
2026-09-01T17:41:33+0700,Soak,69486,11.8,125760,436275248,03:48
2026-09-01T17:41:34+0700,Soak,69486,10.6,125792,436275248,03:49
2026-09-01T17:41:35+0700,Soak,69486,10.9,125776,436275248,03:50
2026-09-01T17:41:36+0700,Soak,69486,8.2,125776,436275248,03:51
2026-09-01T17:41:37+0700,Soak,69486,11.3,125744,436275248,03:52
2026-09-01T17:41:38+0700,Soak,69486,9.5,125728,436275248,03:53
2026-09-01T17:41:39+0700,Soak,69486,12.4,125744,436275248,03:54
2026-09-01T17:41:40+0700,Soak,69486,9.7,125952,436275248,03:55
2026-09-01T17:41:41+0700,Soak,69486,9.1,125856,436275248,03:56
2026-09-01T17:41:42+0700,Soak,69486,11.7,125840,436275248,03:57
2026-09-01T17:41:43+0700,Soak,69486,13.8,125840,436275248,03:58
2026-09-01T17:41:44+0700,Soak,69486,13.1,125856,436275248,03:59
2026-09-01T17:41:45+0700,Soak,69486,6.3,125856,436275248,04:00
2026-09-01T17:41:46+0700,Soak,69486,11.6,125872,436275248,04:01
2026-09-01T17:41:47+0700,Soak,69486,11.9,125872,436275248,04:02
2026-09-01T17:41:48+0700,Soak,69486,8.9,125072,436275248,04:03
2026-09-01T17:41:49+0700,Soak,69486,10.5,125072,436275248,04:04
2026-09-01T17:41:50+0700,Soak,69486,10.8,125120,436275248,04:05
2026-09-01T17:41:51+0700,Soak,69486,9.8,125296,436275248,04:06
2026-09-01T17:41:52+0700,Soak,69486,13.0,125040,436275248,04:07
2026-09-01T17:41:53+0700,Soak,69486,13.3,124512,436275248,04:08
2026-09-01T17:41:54+0700,Soak,69486,12.0,124256,436275248,04:09
2026-09-01T17:41:55+0700,Soak,69486,12.3,124272,436275248,04:10
2026-09-01T17:41:56+0700,Soak,69486,12.9,124288,436275248,04:11
2026-09-01T17:41:57+0700,Soak,69486,10.9,124288,436275248,04:12
2026-09-01T17:41:58+0700,Soak,69486,11.0,124288,436275248,04:13
2026-09-01T17:41:59+0700,Soak,69486,11.6,124288,436275248,04:14
2026-09-01T17:42:00+0700,Soak,69486,8.9,124288,436275248,04:15
2026-09-01T17:42:01+0700,Soak,69486,11.4,124352,436275248,04:16
2026-09-01T17:42:02+0700,Soak,69486,11.5,124368,436275248,04:17
2026-09-01T17:42:03+0700,Soak,69486,7.9,121616,436275248,04:18
2026-09-01T17:42:04+0700,Soak,69486,11.0,121616,436275248,04:19
2026-09-01T17:42:06+0700,Soak,69486,14.8,122080,436275248,04:21
2026-09-01T17:42:07+0700,Soak,69486,12.2,122096,436275248,04:22
2026-09-01T17:42:08+0700,Soak,69486,12.3,122272,436275248,04:23
2026-09-01T17:42:09+0700,Soak,69486,11.0,122352,436275248,04:24
2026-09-01T17:42:10+0700,Soak,69486,6.3,124384,436275248,04:25
2026-09-01T17:42:11+0700,Soak,69486,10.4,124240,436275248,04:26
2026-09-01T17:42:12+0700,Soak,69486,12.9,124400,436275248,04:27
2026-09-01T17:42:13+0700,Soak,69486,10.7,124448,436275248,04:28
2026-09-01T17:42:14+0700,Soak,69486,12.5,124448,436275248,04:29
2026-09-01T17:42:15+0700,Soak,69486,11.5,124448,436275248,04:30
2026-09-01T17:42:16+0700,Soak,69486,7.6,124432,436275248,04:31
2026-09-01T17:42:17+0700,Soak,69486,12.4,124448,436275248,04:32
2026-09-01T17:42:18+0700,Soak,69486,12.5,124384,436275248,04:33
2026-09-01T17:42:19+0700,Soak,69486,12.9,78400,436219440,04:34
2026-09-01T17:42:20+0700,Soak,69486,8.9,80064,436221232,04:35
2026-09-01T17:42:21+0700,Soak,69486,13.1,80096,436221232,04:36
2026-09-01T17:42:22+0700,Soak,69486,11.2,79488,436221232,04:37
2026-09-01T17:42:23+0700,Soak,69486,12.2,79504,436221232,04:38
2026-09-01T17:42:24+0700,Soak,69486,12.1,79552,436221232,04:39
2026-09-01T17:42:25+0700,Soak,69486,7.1,79552,436221232,04:40
2026-09-01T17:42:26+0700,Soak,69486,11.4,79568,436221232,04:41
2026-09-01T17:42:27+0700,Soak,69486,13.9,79584,436221232,04:42
2026-09-01T17:42:28+0700,Soak,69486,13.8,79648,436221232,04:43
2026-09-01T17:42:29+0700,Soak,69486,13.6,79648,436221232,04:44
2026-09-01T17:42:30+0700,Soak,69486,11.2,79280,436221232,04:45
2026-09-01T17:42:31+0700,Soak,69486,13.4,78896,436221232,04:46
2026-09-01T17:42:32+0700,Soak,69486,12.4,78304,436221232,04:47
2026-09-01T17:42:33+0700,Soak,69486,11.1,78208,436221232,04:48
2026-09-01T17:42:34+0700,Soak,69486,12.3,78240,436221232,04:49
2026-09-01T17:42:35+0700,Soak,69486,6.3,78272,436221232,04:50
2026-09-01T17:42:36+0700,Soak,69486,10.9,78288,436221232,04:51
2026-09-01T17:42:37+0700,Soak,69486,10.0,78288,436221232,04:52
2026-09-01T17:42:38+0700,Soak,69486,11.9,78288,436221232,04:53
2026-09-01T17:42:39+0700,Soak,69486,11.0,78320,436221232,04:54
2026-09-01T17:42:40+0700,Soak,69486,12.0,78320,436221232,04:55
2026-09-01T17:42:41+0700,Soak,69486,12.3,78016,436221232,04:56
2026-09-01T17:42:42+0700,Soak,69486,13.6,77904,436221232,04:57
2026-09-01T17:42:43+0700,Soak,69486,11.6,77824,436221232,04:58
2026-09-01T17:42:44+0700,Soak,69486,10.6,77856,436221232,04:59
2026-09-01T17:42:45+0700,Soak,69486,13.3,77616,436221232,05:00
2026-09-01T17:42:46+0700,Soak,69486,11.6,76128,436221232,05:01
2026-09-01T17:42:47+0700,Soak,69486,12.0,76112,436221232,05:02
2026-09-01T17:42:48+0700,Soak,69486,11.2,76128,436221232,05:03
2026-09-01T17:42:49+0700,Soak,69486,5.9,68944,436221232,05:04
2026-09-01T17:42:50+0700,Soak,69486,11.9,62880,436221232,05:05
2026-09-01T17:42:51+0700,Soak,69486,10.5,63040,436221232,05:06
2026-09-01T17:42:52+0700,Soak,69486,12.2,63136,436221232,05:07
2026-09-01T17:42:53+0700,Soak,69486,9.7,63424,436221232,05:08
2026-09-01T17:49:02+0700,Soak,69486,10.6,63376,436213808,11:17
2026-09-01T17:49:03+0700,Soak,69486,0.0,62160,436213808,11:18
2026-09-01T17:49:04+0700,Soak,69486,0.0,50432,436213808,11:19
