email,password,product_prefix,product_price,product_description,product_image_url,category_id
perf001@eshop.local,Perf1234!,HW05-P001,750000,HW05 performance product,https://placehold.co/300x300/png?text=HW05,1
perf002@eshop.local,Perf1234!,HW05-P002,750000,HW05 performance product,https://placehold.co/300x300/png?text=HW05,1
perf003@eshop.local,Perf1234!,HW05-P003,750000,HW05 performance product,https://placehold.co/300x300/png?text=HW05,1
perf004@eshop.local,Perf1234!,HW05-P004,750000,HW05 performance product,https://placehold.co/300x300/png?text=HW05,1
perf005@eshop.local,Perf1234!,HW05-P005,750000,HW05 performance product,https://placehold.co/300x300/png?text=HW05,1
perf006@eshop.local,Perf1234!,HW05-P006,750000,HW05 performance product,https://placehold.co/300x300/png?text=HW05,1
perf007@eshop.local,Perf1234!,HW05-P007,750000,HW05 performance product,https://placehold.co/300x300/png?text=HW05,1
perf008@eshop.local,Perf1234!,HW05-P008,750000,HW05 performance product,https://placehold.co/300x300/png?text=HW05,1
perf009@eshop.local,Perf1234!,HW05-P009,750000,HW05 performance product,https://placehold.co/300x300/png?text=HW05,1
perf010@eshop.local,Perf1234!,HW05-P010,750000,HW05 performance product,https://placehold.co/300x300/png?text=HW05,1
perf011@eshop.local,Perf1234!,HW05-P011,750000,HW05 performance product,https://placehold.co/300x300/png?text=HW05,1
perf012@eshop.local,Perf1234!,HW05-P012,750000,HW05 performance product,https://placehold.co/300x300/png?text=HW05,1
perf013@eshop.local,Perf1234!,HW05-P013,750000,HW05 performance product,https://placehold.co/300x300/png?text=HW05,1
perf014@eshop.local,Perf1234!,HW05-P014,750000,HW05 performance product,https://placehold.co/300x300/png?text=HW05,1
perf015@eshop.local,Perf1234!,HW05-P015,750000,HW05 performance product,https://placehold.co/300x300/png?text=HW05,1
perf016@eshop.local,Perf1234!,HW05-P016,750000,HW05 performance product,https://placehold.co/300x300/png?text=HW05,1
perf017@eshop.local,Perf1234!,HW05-P017,750000,HW05 performance product,https://placehold.co/300x300/png?text=HW05,1
perf018@eshop.local,Perf1234!,HW05-P018,750000,HW05 performance product,https://placehold.co/300x300/png?text=HW05,1
perf019@eshop.local,Perf1234!,HW05-P019,750000,HW05 performance product,https://placehold.co/300x300/png?text=HW05,1
perf020@eshop.local,Perf1234!,HW05-P020,750000,HW05 performance product,https://placehold.co/300x300/png?text=HW05,1
perf021@eshop.local,Perf1234!,HW05-P021,750000,HW05 performance product,https://placehold.co/300x300/png?text=HW05,1
perf022@eshop.local,Perf1234!,HW05-P022,750000,HW05 performance product,https://placehold.co/300x300/png?text=HW05,1
perf023@eshop.local,Perf1234!,HW05-P023,750000,HW05 performance product,https://placehold.co/300x300/png?text=HW05,1
perf024@eshop.local,Perf1234!,HW05-P024,750000,HW05 performance product,https://placehold.co/300x300/png?text=HW05,1
perf025@eshop.local,Perf1234!,HW05-P025,750000,HW05 performance product,https://placehold.co/300x300/png?text=HW05,1
perf026@eshop.local,Perf1234!,HW05-P026,750000,HW05 performance product,https://placehold.co/300x300/png?text=HW05,1
perf027@eshop.local,Perf1234!,HW05-P027,750000,HW05 performance product,https://placehold.co/300x300/png?text=HW05,1
perf028@eshop.local,Perf1234!,HW05-P028,750000,HW05 performance product,https://placehold.co/300x300/png?text=HW05,1
perf029@eshop.local,Perf1234!,HW05-P029,750000,HW05 performance product,https://placehold.co/300x300/png?text=HW05,1
perf030@eshop.local,Perf1234!,HW05-P030,750000,HW05 performance product,https://placehold.co/300x300/png?text=HW05,1
perf031@eshop.local,Perf1234!,HW05-P031,750000,HW05 performance product,https://placehold.co/300x300/png?text=HW05,1
perf032@eshop.local,Perf1234!,HW05-P032,750000,HW05 performance product,https://placehold.co/300x300/png?text=HW05,1
perf033@eshop.local,Perf1234!,HW05-P033,750000,HW05 performance product,https://placehold.co/300x300/png?text=HW05,1
perf034@eshop.local,Perf1234!,HW05-P034,750000,HW05 performance product,https://placehold.co/300x300/png?text=HW05,1
perf035@eshop.local,Perf1234!,HW05-P035,750000,HW05 performance product,https://placehold.co/300x300/png?text=HW05,1
perf036@eshop.local,Perf1234!,HW05-P036,750000,HW05 performance product,https://placehold.co/300x300/png?text=HW05,1
perf037@eshop.local,Perf1234!,HW05-P037,750000,HW05 performance product,https://placehold.co/300x300/png?text=HW05,1
perf038@eshop.local,Perf1234!,HW05-P038,750000,HW05 performance product,https://placehold.co/300x300/png?text=HW05,1
perf039@eshop.local,Perf1234!,HW05-P039,750000,HW05 performance product,https://placehold.co/300x300/png?text=HW05,1
perf040@eshop.local,Perf1234!,HW05-P040,750000,HW05 performance product,https://placehold.co/300x300/png?text=HW05,1
perf041@eshop.local,Perf1234!,HW05-P041,750000,HW05 performance product,https://placehold.co/300x300/png?text=HW05,1
perf042@eshop.local,Perf1234!,HW05-P042,750000,HW05 performance product,https://placehold.co/300x300/png?text=HW05,1
perf043@eshop.local,Perf1234!,HW05-P043,750000,HW05 performance product,https://placehold.co/300x300/png?text=HW05,1
perf044@eshop.local,Perf1234!,HW05-P044,750000,HW05 performance product,https://placehold.co/300x300/png?text=HW05,1
perf045@eshop.local,Perf1234!,HW05-P045,750000,HW05 performance product,https://placehold.co/300x300/png?text=HW05,1
perf046@eshop.local,Perf1234!,HW05-P046,750000,HW05 performance product,https://placehold.co/300x300/png?text=HW05,1
perf047@eshop.local,Perf1234!,HW05-P047,750000,HW05 performance product,https://placehold.co/300x300/png?text=HW05,1
perf048@eshop.local,Perf1234!,HW05-P048,750000,HW05 performance product,https://placehold.co/300x300/png?text=HW05,1
perf049@eshop.local,Perf1234!,HW05-P049,750000,HW05 performance product,https://placehold.co/300x300/png?text=HW05,1
perf050@eshop.local,Perf1234!,HW05-P050,750000,HW05 performance product,https://placehold.co/300x300/png?text=HW05,1
perf051@eshop.local,Perf1234!,HW05-P051,750000,HW05 performance product,https://placehold.co/300x300/png?text=HW05,1
perf052@eshop.local,Perf1234!,HW05-P052,750000,HW05 performance product,https://placehold.co/300x300/png?text=HW05,1
perf053@eshop.local,Perf1234!,HW05-P053,750000,HW05 performance product,https://placehold.co/300x300/png?text=HW05,1
perf054@eshop.local,Perf1234!,HW05-P054,750000,HW05 performance product,https://placehold.co/300x300/png?text=HW05,1
perf055@eshop.local,Perf1234!,HW05-P055,750000,HW05 performance product,https://placehold.co/300x300/png?text=HW05,1
perf056@eshop.local,Perf1234!,HW05-P056,750000,HW05 performance product,https://placehold.co/300x300/png?text=HW05,1
perf057@eshop.local,Perf1234!,HW05-P057,750000,HW05 performance product,https://placehold.co/300x300/png?text=HW05,1
perf058@eshop.local,Perf1234!,HW05-P058,750000,HW05 performance product,https://placehold.co/300x300/png?text=HW05,1
perf059@eshop.local,Perf1234!,HW05-P059,750000,HW05 performance product,https://placehold.co/300x300/png?text=HW05,1
perf060@eshop.local,Perf1234!,HW05-P060,750000,HW05 performance product,https://placehold.co/300x300/png?text=HW05,1
perf061@eshop.local,Perf1234!,HW05-P061,750000,HW05 performance product,https://placehold.co/300x300/png?text=HW05,1
perf062@eshop.local,Perf1234!,HW05-P062,750000,HW05 performance product,https://placehold.co/300x300/png?text=HW05,1
perf063@eshop.local,Perf1234!,HW05-P063,750000,HW05 performance product,https://placehold.co/300x300/png?text=HW05,1
perf064@eshop.local,Perf1234!,HW05-P064,750000,HW05 performance product,https://placehold.co/300x300/png?text=HW05,1
perf065@eshop.local,Perf1234!,HW05-P065,750000,HW05 performance product,https://placehold.co/300x300/png?text=HW05,1
perf066@eshop.local,Perf1234!,HW05-P066,750000,HW05 performance product,https://placehold.co/300x300/png?text=HW05,1
perf067@eshop.local,Perf1234!,HW05-P067,750000,HW05 performance product,https://placehold.co/300x300/png?text=HW05,1
perf068@eshop.local,Perf1234!,HW05-P068,750000,HW05 performance product,https://placehold.co/300x300/png?text=HW05,1
perf069@eshop.local,Perf1234!,HW05-P069,750000,HW05 performance product,https://placehold.co/300x300/png?text=HW05,1
perf070@eshop.local,Perf1234!,HW05-P070,750000,HW05 performance product,https://placehold.co/300x300/png?text=HW05,1
perf071@eshop.local,Perf1234!,HW05-P071,750000,HW05 performance product,https://placehold.co/300x300/png?text=HW05,1
perf072@eshop.local,Perf1234!,HW05-P072,750000,HW05 performance product,https://placehold.co/300x300/png?text=HW05,1
perf073@eshop.local,Perf1234!,HW05-P073,750000,HW05 performance product,https://placehold.co/300x300/png?text=HW05,1
perf074@eshop.local,Perf1234!,HW05-P074,750000,HW05 performance product,https://placehold.co/300x300/png?text=HW05,1
perf075@eshop.local,Perf1234!,HW05-P075,750000,HW05 performance product,https://placehold.co/300x300/png?text=HW05,1
perf076@eshop.local,Perf1234!,HW05-P076,750000,HW05 performance product,https://placehold.co/300x300/png?text=HW05,1
perf077@eshop.local,Perf1234!,HW05-P077,750000,HW05 performance product,https://placehold.co/300x300/png?text=HW05,1
perf078@eshop.local,Perf1234!,HW05-P078,750000,HW05 performance product,https://placehold.co/300x300/png?text=HW05,1
perf079@eshop.local,Perf1234!,HW05-P079,750000,HW05 performance product,https://placehold.co/300x300/png?text=HW05,1
perf080@eshop.local,Perf1234!,HW05-P080,750000,HW05 performance product,https://placehold.co/300x300/png?text=HW05,1
